Year,Total_Electors,Turnout_Pct,Votes_Cast,LS_Seats,Avg_Electors_per_Seat
2014,834000000,66.4,553801801,543,1535911.6022099447
2019,911000000,67.11,614000000,542,1680811.8081180812
2024,968800000,66.8,646400000,543,1784162.0626151012
